The principal is unhappy...we're cooked.,-1,1
The availability of data is likely to lead to a veritable orgy of statistical analysis.,-1,1
Love you to the moon and back.,-1,1
"Man, your compassion is greater than space.",-1,0
Marriage is the grave of love.,-1,1
I went into the shop and we cleared the shelves out.,-1,1
"Speech is silver, but silence is golden.",-1,1
Miss Trunchbull's lips stretched in a glacial smile.,-1,1
We're going to turn this sow's ear into a silk purse.,-1,1
This one is valuable: you don't touch a hair of his head.,-1,1
He has a watermelon instead of a belly.,-1,1
The argument with my bestfriend turned into a tempest in a teacup.,-1,1
We must fight with the force of a typhoon.,-1,1
These people would follow you to the end of the earth.,-1,1
You'll devour the book in a couple of days.,-1,0
"He hurts everybody, he has a sharp knife instead of a tongue.",-1,1
Technology annihilates humanity.,-1,0
I've been enjoying this tea for all my life.,-1,1
"This book is a masterpiece, it is priceless!",-1,1
Her hair is the same as Rapunzel.,-1,0
You have no conception of the quantity of miserable feeling that passes through me in a day.,-1,0
He hiccuped endlessly.,-1,1
My heart's bleeding right now.,-1,1
The professor destroyed me in front of the class.,-1,1
I feel like I'm going to burst.,-1,1
"I have fever, I can't move.",-1,0
New York is the promised land to him.,-1,1
"Even thinking back, it feels like living a fairy tail.",-1,0
My sisters mean more than air to me.,-1,0
Moms are more powerful than the sea.,-1,0
People say Massimo has phenomenal cooking powers.,-1,0
You should sunbathe! You look white as a ghost!,-1,0
I did not suspect it would be so good: this book is a pit of wonders.,-1,1
His hand is as cold as an ice box.,-1,0
My stomach almost bust.,-1,1
Faith will move mountains.,-1,1
Her smoldering eyes still scorch my soul.,-1,1
The massages at the spa are miraculous.,-1,1
"No more food, I'm stuffed.",-1,1
That girl's eyes shine like stars.,-1,0
I felt fireworks in my brain when I set foot in the candy shop.,-1,1
The princess' lips shame the red rose.,-1,1
My bank account runs dry.,-1,1
"That joke is so old, the last time I heard it I was riding on a dinosaur.",-1,1
"Insolent boy, I'll slash you to ribbons!",-1,1
I would give my life for a coffee.,-1,1
I'll tell you a tale of the boundless blue that is the ocean.,-1,1
"After watching the movie, I wanted to put the villain through the wall into the next planet.",-1,1
The buyer has need of a hundred eyes.,-1,1
"We've been dealing with it for months, and months and months.",-1,0
And soon I'll be famous beyond belief.,-1,1
Old Mr. Smith has been teaching here since the Stone Age.,-1,1
"Set a beggar on horseback, and he'll ride to the devil.",-1,1
A day was twenty-four hours long but seemed longer.,-1,0
She'll erupt when she finds out that her brother left.,-1,1
Nobody can beat level six.,-1,0
Supernatural courage is needed when bringing a message to a hostile audience.,-1,0
Living with apprehensive parents is being trapped in a tower.,-1,1
A man can have a belly you could house a commercial aircraft in.,-1,1
We are traversing the vast desert of everyday life.,-1,1
Jason would rather lose an arm than lose face by pulling out.,-1,1
It was said that he had read so many books that his brain dried up.,-1,1
All these parties will break my bank.,-1,1
"See, my dear, a pair of high heels is indispensable these days.",-1,0
The joke was just epic!,-1,1
"I'm sure the spider was about to leap off the wall, latch itself onto my leg and start gnawing me.",-1,0
Not too far away is an empire of chicken farms.,-1,1
You could see she was scared to death.,-1,1
I'll see him wriggle like a worm on a hook!,-1,0
The style is the man.,-1,0
One could swear that the contortionist had no bones.,-1,1
Being in debt makes my muscles itch.,-1,1
Masses of garbage reached so high that it lifted the roof.,-1,1
"You are not a fully-grown man, you are a clown.",-1,1
This drink makes you grow wings.,-1,1
"Remember, Quasimodo they're gypsies. They'll steal us blind.",-1,1
My lover's arms were made to hold me close.,-1,1
The taste is perfect.,-1,0
The veteran proclaimed he had tree trucks for legs.,-1,1
Being led around aimlessly felt like being a zombie.,-1,0
It's painful to see you eating pineapple pizza. It hurts my Italian heart.,-1,1
Books are food for avid readers.,-1,1
Many questions were fired at us.,-1,1
His eyes were pure black.,-1,0
"Wow, I'm dead from the neck up today.",-1,1
I know this place like the back of my hand.,-1,0
He's a wrecking ball for the future of the Party.,-1,1
I can see you've lost your mind.,-1,1
It was unpleasant seeing her in those cheap shapeless clothes.,-1,1
Daisy Buchanan is Gatsby's grail that he fails to possess.,-1,1
I depend on my green tea fix each morning!,-1,1
"You're so sweet, you give me diabetes.",-1,1
His charisma magnetized us.,-1,1
"When you get emotional, your brain sort of short-circuits.",-1,1
Parents' affection is cosmic.,-1,1
I can smell pizza from a mile away.,-1,1
She had an ethereal glow about her.,-1,1
The title says it all.,-1,0
The president said that the well-being of citizens is his North Star.,-1,1
Your judgement at this point is worth less than nothing.,-1,0
The minister told the guests that the couple's friendship was sweeter than honey.,-1,0
I swear you've doubled in size since I saw you last month.,-1,0
Weight training is ridiculously good for you.,-1,0
His studded jacket is drilling in his body.,-1,1
They go about together like Siamese twins.,-1,0
They were probably hoping to crucify me in front of the whole world.,-1,1
Guess you've run out of thoughts.,-1,1
One winter was so cold that the snow turned blue.,-1,1
So much snow that it's like walking in the firmament.,-1,0
"To some, AI is taking the lid off Pandora's box.",-1,1
"She is only a puppet, acting on the directives of her friends.",-1,1
Many people say that my father is still a kid.,-1,1
I've seen this movie at least eighty thousand times.,-1,1
It is a truth universally acknowledged that a single man in possession of a fortune must be in want of a wife.,-1,1
Christmas will never come.,-1,1
She ran the whole gamut of emotions.,-1,1
He used to teach there and used to get harassed by all the pupils.,-1,0
The taste of Kellogg's Frosted Flakes brings out the tiger in you.,-1,1
Art is my stairway to heaven.,-1,1
No other friendship could be so strong.,-1,1
It drives me crazy when you only drink half of the soda.,-1,1
"And there, before you, is barbeque perfection.",-1,0
"Come on, I'm a vault of secrecy.",-1,1
Seeing my bestfriend again would mean the world to me.,-1,1
We used to be as little independent as a flock of sheep.,-1,0
His mother is very apprehensive and keeps him in a bubble.,-1,1
These flowers are absurdly awesome!,-1,0
And it is a tiny mouthful of heaven.,-1,1
Over my dead body are you meeting with them.,-1,1
This policy will plunge the country into a chaos.,-1,1
My hair is poker-straight.,-1,1
Your body is a wonderland.,-1,1
"Sometimes, ignorance is bliss.",-1,0
Your speech evokes a thousand sympathies.,-1,1
"This blog is my harem, where my innermost secrets are shared.",-1,1
He's a monster.,-1,1
"It's so dark, a bat couldn't see in this room.",-1,1
They were laughing to death.,-1,1
"You stepped on a land mine, boy.",-1,1
These are the proofs of the invincible smartness of the human race.,-1,0
"When everyone went home for holidays, the campus became a ghost town.",-1,1
You're being stalked by an emotional vampire.,-1,1
It'd take a miracle to get me into the army.,-1,1
It's time to stop living like a dead man.,-1,0
Be silent as a ninja.,-1,0
"Move, there's no time.",-1,1
"You've made me the happiest man alive, Rita.",-1,1
I just got hit by an avalanche of cramps.,-1,1
He could swear he saw a wisp of smoke coming out of her ears.,-1,1
With a word she can get what she came for.,-1,0
I swear he'd rather die of starvation than even take a whiff of it!,-1,1
"That artist is a wordless person, she rarely speaks.",-1,1
"Forget knocking it out of the park, Frank can knock a baseball off the continent.",-1,1
We must obey my mother's whims! We bow to her power!,-1,1
This is a must buy!,-1,0
He drank a tanker of milk as if he was a drain.,-1,1
This musician is the god of guitar.,-1,1
I do not breathe without you.,-1,1
Better be out of the world than out of the fashion.,-1,1
I thought we had a deal but you stabbed me in the back.,-1,1
Fabulous new haircut!,-1,0
His bark breaks the sound barrier.,-1,1
I broke my ribs laughing.,-1,1
My tongue is a piece of sandpaper.,-1,1
"And your father and I worked on those plans together, for months and months and months.",-1,0
He's light like a feather.,-1,0
"I'm quite imperturbable, only UFO can rock me.",-1,1
"When my dog waves, his tail it causes hurricanes.",-1,1
The flower of poetry will spring up toward God.,-1,1
We picked up a bottle once on a trip and were blown away!,-1,1
It is unthinkable to love and be wise.,-1,1
People hang on your every word.,-1,1
He eats a mountain of junk food.,-1,1
Haven't seen you in ages.,-1,1
It turns out Crumpet Manor had left Lily into a comatose state of relaxation.,-1,1
My bedroom is my sanctuary.,-1,1
I can conquer the world with you by my side.,-1,1
Imagination is the queen of truth.,-1,1
"Your mom is so fat, I could slap her thigh and ride the wave!",-1,1
You can tell the judge how you made it vanish into thin air.,-1,1
"Starting from today, I'm a brand new person.",-1,1
I would give my possessions for a pot of ale.,-1,0
He walked down the road to nowhere.,-1,1
"I'm dying of hunger, I would eat a horse.",-1,1
"I am sitting here, throned in blue sky like a sphinx.",-1,0
Travel broadens your brain.,-1,1
Idleness is the root of evil.,-1,1
No one follows the rules in this office. It's a jungle.,-1,1
That old soldier is ready for another battle. He's made of iron.,-1,1
I worked myself to the bone.,-1,1
It's a no brainer.,-1,1
A roaring deluge of applauses followed the performance.,-1,1
I was dazed by the elegance of the B&B.,-1,0
He's a giant with the brain of a chicken.,-1,1
Living with you is a rollercoaster but it's worth the thrill.,-1,1
"When your mother saw you, she was about to pass out from excitement.",-1,0
"My job is so boring, I want to die.",-1,1
My paperworks piled up to the ceiling.,-1,1
His shout could split rocks.,-1,1
"Trust him, he's more faithful than the rising sun.",-1,0
"She has so many watches, she'd need eight arms to wear them all.",-1,0
Completing the puzzle took me decades.,-1,0
I am tormented day and night.,-1,0
I was mortally sorry.,-1,1
That idea is eating away at him.,-1,1
"As he grew, Victor became a shining star in a family of achievers.",-1,1
Your indifference is tearing me apart.,-1,1
You hear that noise? It's ear-piercing.,-1,1
The ancient castle was so big that it took a week to walk from one end to the other.,-1,0
Your words are poison.,-1,1
Sarah is completely lacking any sense of humor.,-1,0
Swamps of people are coming to my birthday party.,-1,1
It seems to have been raining for fourty days and fourty nights.,-1,0
The flap of skin opened like a cupboard door.,-1,0
Your predictions were right. You have a third eye.,-1,1
They were in a trance when arguing with that manipulator.,-1,1
My evening jog with Bill turned into a marathon.,-1,1
The global crisis has seen prices skyrocket over the past week.,-1,1
There are cascades of clothes in my wardrobe!,-1,0
You will give a good first impression without a doubt.,-1,1
This is the single most important advice of your life.,-1,0
The Eagle soars in the summit of the azure.,-1,1
"As a father, in this moment, there's just pain in my heart.",-1,1
Bring these vermin to the Palace of Justice.,-1,1
The secretary is a boot licking lapdog.,-1,1
Doesn't change the fact that we're up to our necks in muck.,-1,1
He orders his family not to forget that he is the king of his house.,-1,1
"If Sylvia flirted with Johnny, Steve threatened to beat the living tar out of her.",-1,1
She was worn to a shadow after months of nursing her sick husband.,-1,1
"I heard you possess eagle vision, Mister.",-1,1
I'm on a whisky diet. I've lost three days already.,-1,0
I thought I'd found sugar-free chocolate nirvana at first taste.,-1,1
It'll just - bam! - hit me like lightning.,-1,0
This year the new fashion trends spread like wildfire.,-1,0
She can't see but darkness: she's desperate.,-1,0
Seeing you again - my life seems to stop there.,-1,1
This new computer program is all Greek to me.,-1,1
The boy is an Adonis...and he knows it.,-1,1
I wouldn't miss the party for anything in the world.,-1,1
"At this price, it's a steal!",-1,1
I wear my favourite t-shirt day in day out.,-1,1
"She stood frozen, searching for him.",-1,1
The reputation of this pizza's hanging by a thread.,-1,1
"A friend of mine brought the chips into work with the claim ""these will change your life"".",-1,0
I'm begging! Give me the last piece of the cake.,-1,1
The water in the sea is almost boiling.,-1,1
Life goes in a heartbeat.,-1,1
Fools rush in where angels fear to tread.,-1,1
The player is undeniably talented.,-1,0
She met my dad and then got whizzed off to so many different countries.,-1,1
"Oh, you are soaked to the bone, monsieur.",-1,1
We were getting to be like two goldfish in a bowl with no way out.,-1,0
"Intellectually speaking, this city is almost as sterile as the Sahara Desert.",-1,0
She has a fairy aura.,-1,1
He is a good dog who goes to church.,-1,0
This spray will fill your days with the freshness of the ocean breeze.,-1,1
For dinner he would eat a silo full of grain.,-1,1
"The temperature was so low, I saw polar bears wearing jackets.",-1,1
Bikers coming from behind you are a calamity on the roads.,-1,1
Taking my eyes off her is absurd.,-1,1
"I only step on your toe, don't make a federal case out of it.",-1,1
An idle brain is the devil's workshop.,-1,1
Ice-cream saves human beings from boredom.,-1,1
You are but unreasoning apes.,-1,1
He has a whole room filled with cash.,-1,1
I'm a hundred percent American.,-1,0
"No matter what anybody says, you'll always be a prince to me.",-1,1
"Of the two brothers, the oldest was unquestionably the smartest.",-1,0
Ours is the world's favourite airline.,-1,1
It took him about an hour to comb his hair.,-1,0
College students eat crap.,-1,1
Life is rushing by like a river in flood.,-1,0
His nose became so long that he could not even turn around.,-1,0
The old driver arrived not a second too soon.,-1,0
It must be a dream!,-1,1
He has as many debts as a dog has fleas.,-1,0
At no time does a watched pot boil.,-1,1
The work of the farm seemed to rest entirely on this horse's mighty shoulders.,-1,1
Shopping drained me today.,-1,1
"Here he was, in total control.",-1,0
Shower her with compliments.,-1,1
Life is a hospital where we fight to cure ourselves.,-1,1
Let's be best friends in perpetuity.,-1,0
I'm burning of envy.,-1,1
Making drastic choice is necessary for an adventurous life.,-1,1
Professors read a boatload of essays.,-1,1
"If our plan goes up in smoke, I leave the group.",-1,1
Anna's cooking is a force of nature.,-1,1
They cooked a turkey the size of a cow.,-1,1
It is enough to fright you out of your seven senses.,-1,1
I'm sold!,-1,1
"My dog is so ugly, we had to pay the fleas to live on him.",-1,0
There are no words to describe my admiration.,-1,1
His ambitious hunger moves him to a pantagruelic attempt.,-1,1
"You are a vision of loveliness, darling!",-1,1
That was the easiest question in the world.,-1,0
"When sorrows come, they come not single but in battalions.",-1,1
April is the cruelest month.,-1,1
I've found my Atlantis not far from home.,-1,1
"His classmates laughed at him, saying he had a pea-sized brain.",-1,1
Shami and Peter are deliriously happy together.,-1,0
The task was of too herculean a nature to be accomplished within four years.,-1,1
I could live on these broccoli and there is no need for anymore to say.,-1,0
Her eyes were gray and sharp like the points of two picks.,-1,0
"You can see what she's thinking, like she's almost transparent.",-1,0
What kind of sorcery is this?,-1,1
Love is blind.,-1,1
Precisely nothing could go wrong with his plan.,-1,0
"And he was rich - yes, richer than a king.",-1,0
I must impose chains upon myself.,-1,1
An army of artists was crowding the room.,-1,1
I'm sure you are another Mother Teresa.,-1,1
Grandpa is older than dirt.,-1,0
Her boyfriend would obey her commands like a tame pet.,-1,0
It's an indefensible sin to steal a pin.,-1,1
They are unlike any other olives out there.,-1,0
He was born with crystal bones.,-1,1
"It's so hot, it feels like I'm in a sauna.",-1,0
Franch's is more than the best.,-1,0
"She smiled at me, I almost fell out of my chair.",-1,1
This new brand is unmistakable.,-1,0
"I can't let go now, I'm possessed.",-1,1
The news has been blown out of all proportion.,-1,1
I sold my soul to the Devil to get you through college.,-1,1
Her strength awoke in poets a love that is eternal.,-1,1
He appeared like a descended god.,-1,0
"That said, I'm on the precipice of doom.",-1,1
The best education systems don't necessarily dole out piles of homework to students.,-1,1
My little sister gravitates towards me. She's my satellite.,-1,1
"There are no leftovers, he's a dustbin!",-1,1
This room is an oven.,-1,1
Why do we have four thousand forks and no spoons?,-1,1
It was a gust of fragrances.,-1,1
This is a tough situation. You're having a gorilla on top of you.,-1,1
I want to get you out of my head.,-1,1
He is so vicious that there should be a circle in Dante's Inferno specifically for him.,-1,0
"John was called ""the elephant of the class"" for his clumsiness.",-1,1
Looking for a featherweight tripod.,-1,1
"With each of her screams, the world came apart.",-1,1
I have a headache the size of Texas.,-1,1
Every one of her drawings is a rapture for the eyes.,-1,1
Have you seen the feverish activity in grandma's kitchen?,-1,1
Hope deferred makes the heart sick.,-1,1
He is more aged than the hills.,-1,0
There are ketchup die hard fans out there.,-1,1
If I tried to carry all that cargo in my head it would make me stoop-shouldered.,-1,0
"I don't lie, I'm a slave to the truth.",-1,1
You're too beautiful.,-1,0
My dad'll hit the roof when he finds out that I wrecked his car.,-1,1
A player who can stop our team from winning the championship does not exist.,-1,0
The king can do no wrong.,-1,0
"Your father is a legend, no one worked hard for the community like he used to do.",-1,0
She enters my brain and cleans the mess.,-1,1
My heart burns for you.,-1,1
This croissant made my day.,-1,1
"Once I get her tuned up, this old car will go like greased lightning.",-1,1
Most of the businesses here are already skating on thin ice because of the economy.,-1,1
You're an infant dad.,-1,1
I can make the best pesto in the world.,-1,0
Religion is the opiate of masse.,-1,1
"No one knows where Gatsby came from, but he was surely swimming in money.",-1,1
"Julia is shy but when it comes to fashion business, she's a war machine.",-1,1
"By the time Alf finishes that story, his beard will be three inches longer.",-1,0
Punctuality is the soul of business.,-1,1
"At no point in my life I'll say ""never"".",-1,0
She gave a deadly glare at the people making fun of her.,-1,1
It's hot enough to fry an egg on the sidewalk.,-1,1
He's leaping up and on the bed with such force he'll be catapulted through the roof.,-1,1
Needs must when the devil drives.,-1,1
Get a deep knowledge of that world which is man.,-1,1
The air I breathe in a room empty of you is unhealthy.,-1,0
She spilled the wine on the table...this is a catastrophe!,-1,1
"I mean, you have the kind of talent that I would chop off my head to have.",-1,1
They were gone in no time.,-1,1
There was a magical atmosphere.,-1,1
The new shampoo is ten times better than the other.,-1,0
"When spectre-like, I enter alone upon the stubble field.",-1,0
"Sorry, I forgot my head at home.",-1,1
"I've been reading ""The little prince"" since I was knee-high to a grasshopper.",-1,1
"Nate discovered the reason why she's still single, despite a legion of suitors.",-1,1
My whole sense of being had been shattered by an emotional earthquake.,-1,1
There's no index and the story isn't linear: this book is illegible.,-1,0
The most fun you'll ever have.,-1,0
"March comes in like a lion, and goes out like a lamb.",-1,0
What she touches turns to gold.,-1,1
John's new idea is a theoretical diamond.,-1,1
Not a word of it made sense.,-1,0
The chance of your friend seeing us is astronomically small.,-1,1
After lunch I was full to overflowing.,-1,1
"At that point, the presidency was fatally wounded.",-1,0
She has a magic touch I mean she fixes my problems.,-1,1
This is honestly the best seasoning salt in all the land.,-1,0
The crowd was enchanted by the performance.,-1,0
He lost his shirt in the stock market.,-1,1
Manners make the man.,-1,1
Football is all he cares about.,-1,0
"I resign from humanity. I no longer want to be, nor can still be, a man.",-1,1
Living under my parents' control is a damnation!,-1,1
Kilometric line at the cashier.,-1,1
My nephew is moving heaven and earth.,-1,1
She thinks avocado tastes like compost heaps.,-1,0
Satisfaction floods into my veins.,-1,1
The level of discombobulation in the realm of global politics is simply colossal.,-1,1
Sky is falling.,-1,1
My ex boyfriend! Treacherous snake!,-1,1
I'm speechless!,-1,1
When the girl lost her puppy she cried an ocean of tears.,-1,1
My spirit is crying for leaving.,-1,1
"I can't breathe, there are mountains of dust here.",-1,1
That child is getting into a whole world of trouble.,-1,1
The eye of a master does more work than both his hands.,-1,0
In that library they have forests of books.,-1,1
"Love, love, love these!",-1,0
He thinks that the affectual bonds prevalent in the older world has been pulverized by modernity.,-1,1
Knowledge without conscience is but the ruin of the soul.,-1,1
Your shoes can buy a bungalow.,-1,1
"When I was young, my family was my universe.",-1,1
Illusion is the ultimate weapon.,-1,1
The little girl was drowning in her tears.,-1,1
I'm living on bread and water.,-1,0
He groaned as if he was being crushed.,-1,0
He put loads and loads of cream on his cake.,-1,1
Newspapers only contain garbage and dirt.,-1,1
He is just building castles in the air if he does not take any action.,-1,1
I apologized like a madman.,-1,0
My powers are beyond your mortal imagination.,-1,1
"I now embrace ""Hollywood"" endings, but there was a time when I genuflected to kill-offs.",-1,0
"He had a great reputation as an orator, and is characterized by Ennius as ""the quintessence of persuasiveness"".",-1,1
This is how to be irresistible to women.,-1,1
The secretary was pounding the keyboard trying to finish the report.,-1,1
It is the last straw that breaks the camel's back.,-1,1
I am trying to solve a million issues these days.,-1,1
Their latest album blasted its way up the charts.,-1,1
It's raining cats and dogs.,-1,1
Saying the entire campaign is ill-informed because you disagree with one point is throwing out the baby with the bathwater.,-1,0
Everybody's eyes are as large as saucers.,-1,0
Dad went ballistic when he saw the dent in his car.,-1,1
Granma was a harsh school girl who made kids behave. She was a real paint-remover.,-1,1
The lesson was taking forever.,-1,1
The cream you bought will last for centuries.,-1,1
"As the exam date approaches, she becomes a sort of hermit, spending all her time in her room.",-1,0
I've had to reinvent myself from the ruins of my choices.,-1,1
"Apparently, my fingers are made of butter tonight.",-1,1
It is intolerable to live without my phone.,-1,0
Look at her furious fingers articulating words as she writes the report.,-1,1
The meeting was a nightmare.,-1,1
My sister is a vortex of intelligence in space.,-1,1
You are slower than a snail.,-1,0
My parents would have about two hemorrhages apiece if I told anything personal about them.,-1,1
We've been here countless times.,-1,1
He has the charisma of a traffic cone.,-1,1
You guys are both less than zero help.,-1,1
"But you are mute, mute as a fish.",-1,0
"Getting older helped me clarify the events of my childhood, without exceptions.",-1,0
I am in the middle of an emotional tornado.,-1,1
The act of love strongly resembles torture.,-1,0
A hundred thousand apologies would not be enough.,-1,0
His feet are colder than the arctic.,-1,0
"Well, you've got an empty head.",-1,1
Sometimes asking feels like firewalking.,-1,0
Johnny worshipped the ground Dallas walked on.,-1,1
"You unreasonable, pompous, blustering, old windbag!",-1,1
It's been a lifetime since I found someone nice to me.,-1,1
I'd rather French kiss a rattlesnake than miss a gym period.,-1,1
You could have knocked me over with a feather.,-1,1
I'm dissolving into a puddle.,-1,1
"Their headmaster was omnipresent, as he seemed to be all around the school all the time.",-1,1
My granpa snores louder than a faulty engine.,-1,0
I could smell his hellish breath.,-1,1
Your pride is a mortal sin.,-1,1
My admiration for him is deep as the ocean.,-1,0
"Well, dear, her hostess would reply with a frigid smile.",-1,1
Boys will gladly go to war for you.,-1,1
"Me, the wife of that boorish, brainless man.",-1,1
"As a matter of fact, I'm all steamed up about it.",-1,1
Tastiest roast of all times.,-1,0
You can search in heaven and earth but you'll not find me.,-1,1
People bend to his will.,-1,1
She can make me follow her with one word from her lips.,-1,0
That girl is a marionette who is manipulated by what she sees on TV.,-1,1
He changed his mind in the blink of an eye.,-1,1
Its golden roofs are brighter than the sun itself.,-1,0
I would recognize my sisters a day's march away.,-1,1
She's a difficult person to work with because she has no filters.,-1,1
The study of beauty is a duel in which the artist cries out in terror.,-1,1
You always concentrate my whole senses.,-1,0
No one knows her. She's mysterious as the dark side of the moon.,-1,0
Another idea burst into flames.,-1,1
"Stop using onion in this recipe, you dregs of mankind.",-1,1
They sell books by every author who has ever set pen to paper.,-1,1
The meal I prepared contains a million calories!,-1,1
Scientists are light years away from understanding the human brain.,-1,1
To infinity and beyond Buzz.,-1,1
John invariably knows the right thing to say.,-1,0
A sea of people surrounded the stage.,-1,1
Such an unscrupulous person...he's a pig.,-1,1
Look how grown up!Only yesterday you were on your tricycle.,-1,1
Sleeping on this pillow is sleeping on a cloud.,-1,1
For a few dollars they would start a war.,-1,1
That child is the devil incarnate.,-1,1
They are a stingy family. There are like trillions of savings under one roof!,-1,1
"When you open this map, you own the city.",-1,0
"I tried to explain myself, but she is a waxy-eared person.",-1,1
My sister uses so much makeup; she broke a chisel trying to get it off last night!,-1,1
"My aunt is so fat that when she walks by the TV, I miss three shows.",-1,1
The old man is a dinosaur.,-1,1
"My best friend is so forgetful, I sometimes have to remind her what her name is.",-1,1
Your kindness turns me upside down.,-1,1
Cowards die many times before their death.,-1,1
He lives far away - on the other side of the Galaxy.,-1,1
Peter's essay constituted yet another infinite monologue.,-1,1
"During the debate, the president ate reporters and photographers.",-1,1
"You must come out of bed, I've walked a thousand miles to spend some time with you.",-1,1
"Right now, with the sword hanging over my head, I don't have any kind of financial support.",-1,1
"She's bothered by dust, so she's unceasingly cleaning the house.",-1,1
Let me see an abyss of knowledge.,-1,1
I'll persevere till the stars drop from the sky.,-1,1
I've got a thorn in my heart.,-1,1
Perfection assassinates creativity.,-1,1
I don't think a herd of elephants would be as noisy as this class is today!,-1,0
He's the worst man on earth.,-1,0
She's like vomiting all her feelings out with hate.,-1,0
Reading dog food labels is often like reading hieroglyphics.,-1,0
I'll be crystal clear: I don't like him.,-1,1
Turning your face away is a punch in the gut.,-1,1
The painter knows that looking at the beautiful landscape is an orgasmic experience.,-1,1
Too many clothes in this Indian Summer and I am suddenly in a bath of sweat.,-1,1
The president has fought tooth and nail to be reelected.,-1,1
"I'm a burst of colors today, I'm wearing a yellow t-shirt and red trousers.",-1,1
She's a dictator in our house.,-1,1
Molasses buckets appeared from nowhere.,-1,1
He's my favourite person in the world. The rest is drips.,-1,1
"You get into that University, you won't get out alive.",-1,1
This discovery is like a tender newborn to young scientists.,-1,0
"Your plan is too risky, it's a suicide.",-1,1
"I just can't seem to forget him, he contaminates my head.",-1,1
The bad sides are so overpowering that she can't see anything else.,-1,0
You have ravished me away by a power I am unable to resist.,-1,0
"When the last light set, it was like the whole world stopped.",-1,0
This is one breathtaking panorama.,-1,1
Admit you're a Judas.,-1,0
Once I would open a bag I could not stop eating.,-1,1
"If you leave me, I'll erase you.",-1,1
"And his sensibility, oh, he must be related to those machines that register earthquakes.",-1,1
You are what you eat.,-1,1
He only sees himself.,-1,0
"Since you stopped partying, you're a nullity.",-1,1
TV is bombarding us with subliminal messages.,-1,1
The secretary was up to her eyeballs in paperwork.,-1,1
"He looked at the glass, and lowered his lips to that oasis of moisture.",-1,0
I'm not staying here one more minute!,-1,0
Junk food is the one thing they'll buy in spades.,-1,1
"I swear, my teacher is omniscient.",-1,1
"Your beard is so hairy, you look like Chewbacca.",-1,0
Don't strain at gnats and swallow camels. There are worse problems than that around here.,-1,0
"Sad to say, but she was a relentless drinker.",-1,0
"Dresden was kind of the moon, nothing but minerals.",-1,1
And with all this romantic atmosphere disaster's in the air.,-1,1
My professor is a volcano of ideas.,-1,1
The mail was taking on Alpine proportions.,-1,1
That runner is faster than light.,-1,0
The gladiator beated all his opponents with his superhuman strength.,-1,1
"Whenever I watch the movie, that scene kills me.",-1,1
Her anger radiated like a nuclear explosion.,-1,0
This confection has been around a few centuries in my house.,-1,1
Anna cried blood tears before obtaining her bachelor's degree.,-1,1
Her skin was whiter than snow.,-1,0
He was skinny enough to jump through a keyhole.,-1,1
My mother is a tyrant.,-1,1
Changing your favorite team is like breaking a blood oath.,-1,0
Inviting my mother-in-law to stay here is a recipe for disaster.,-1,1
I bet my life that you will laugh.,-1,1
The waiting has been endless.,-1,1
I almost jumped out of my skin.,-1,1
The house is the size of a postage stamp.,-1,1
The mall is large enough to have its own zip code.,-1,1
"I'm moving, all my life's in this luggage.",-1,1
This drink is a rocket in a bottle.,-1,1
I would commit murder to have that new phone!,-1,1
Her beauty eclipsed the sun.,-1,1
This room is a mess. It looks like it was hit by a tornado!,-1,0
You need an elevator to look at him in the eye.,-1,1
"Cheryl is so moody, she's four seasons in a day.",-1,1
"This steak is so rare, I think I heard it moo.",-1,1
Our fight has been going on since the beginning of time.,-1,1
He tolerated my annoying questions. That man is a saint.,-1,1
They will kneel before his talent.,-1,1
His laughter shakes the walls.,-1,1
Your room is a jungle!,-1,1
I am so tired I could sleep for a year.,-1,1
Every flavor is dynamite.,-1,1
She is sinking in a sea of misery.,-1,1
The principal is unhappy...we're in trouble.,-1,0
The availability of data is likely to lead to a large amount of statistical analysis.,-1,0
"Man, your compassion is huge.",-1,0
Marriage is the end of love.,-1,1
He's very mad.,-1,0
You're exaggerating.,-1,0
No offence but she's dumb.,-1,0
Miss Trunchbull's lips stretched in a serious smile.,-1,0
We're going to turn this sow's ear into something more valuable.,-1,0
This one is valuable: you don't touch him.,-1,0
He has a big belly.,-1,0
The argument with my bestfriend turned into a fight.,-1,1
"You know, I'll take care of you.",-1,0
We must fight with great force.,-1,0
Beauty draws very easily.,-1,1
You'll read the book in a couple of days.,-1,0
"He hurts everybody, he has a sharp tongue.",-1,1
Technology hurts humanity.,-1,1
"This book is a masterpiece, it is excellent!",-1,0
Her hair is very long.,-1,0
I have negative feelings in the day.,-1,0
He hiccuped for a long time.,-1,0
My heart's hurt right now.,-1,1
The professor humiliated me in front of the class.,-1,0
His nose is very big.,-1,0
I feel excited.,-1,0
"I have fever, moving is difficult.",-1,0
New York is right place for him.,-1,0
My sisters mean a lot to me.,-1,0
Moms are so powerful.,-1,0
People say Massimo has excellent cooking powers.,-1,0
You should sunbathe! You look pale!,-1,0
I did not suspect it would be so good: this book is wonderful.,-1,0
His hand is very cold.,-1,0
My stomach is very bloated.,-1,1
Faith is a strong motivator.,-1,1
The massages at the spa render very good results.,-1,0
"No more food, I'm satiated.",-1,0
That girl's eyes are bright.,-1,0
The princess' lips are red.,-1,0
My bank account is almost empty.,-1,1
I really want a coffee.,-1,0
I'll tell you a tale of the immense blue that is the ocean.,-1,0
"After watching the movie, I wanted to hurt the villain.",-1,0
"The noise was so great, that it was heard in a long distance.",-1,0
That is great music I hear.,-1,0
The buyer has to be careful.,-1,0
We've been dealing with it for months.,-1,0
"I would buy it, if it did not cost that much!",-1,0
It is very easy to pass that test!,-1,0
And soon I'll be very famous.,-1,0
Most things are possible!,-1,0
She'll get furious when she finds out that her brother left.,-1,0
It would be difficult to beat level six.,-1,0
A great courage is needed when bringing a message to a hostile audience.,-1,0
Living with apprehensive parents is very limiting.,-1,0
A man can have a very large belly.,-1,0
We live by ourselves in everyday life.,-1,0
It was said that he had read so many books that his brain stopped working properly.,-1,0
All these parties are expensive.,-1,0
Tiny snowflakes began to fall.,-1,0
"See, my dear, a pair of high heels is important these days.",-1,0
The joke was very good.,-1,0
"I am sure the spider was about to leap off the wall, latch onto my leg and bite me.",-1,0
Not too far away is a large chicken farm business.,-1,0
The girl is not relevant.,-1,0
You could see she was very scared.,-1,0
I'll see him become very nervous!,-1,0
The contortionist was flexible.,-1,0
Being in debt makes me uncomfortable.,-1,1
Masses of garbage reached so high that it touched the roof.,-1,0
"You are not a fully-grown man, you are very silly.",-1,0
This drink gives you an energy lift.,-1,1
"Remember, Quasimodo they're gypsies. They'll steal from us.",-1,0
My lover's arms are good at holding me close.,-1,0
The taste is very good.,-1,0
The veteran proclaimed he had strong legs.,-1,0
Being led around aimlessly felt dull.,-1,0
I don't like to see you eating pineapple pizza. It hurts my Italian heart.,-1,1
Books are important for avid readers.,-1,0
Many questions were asked to us.,-1,0
His eyes were very dark.,-1,0
I know this place very well.,-1,0
He could damage the future of the party.,-1,0
I can see you are not thinking straight.,-1,1
It was unpleasant seeing her in those cheap shabby clothes.,-1,0
Daisy Buchanan is Gatsby's target that he fails to possess.,-1,0
I enjoy my green tea fix each morning!,-1,1
You're very sweet.,-1,0
His charisma captivated us.,-1,1
"When you get emotional, your brain looses its normal thinking abilities.",-1,0
I can smell pizza from a long distance.,-1,0
I do not work without coffee: it is my sustenance.,-1,0
The resources are very small.,-1,0
She had a graceful glow about her.,-1,1
The president said that the well-being of citizens is his guiding principle.,-1,0
Your judgement at this point is worthless.,-1,1
The minister told the guests that the couple's friendship was very sweet.,-1,1
I swear you have grown since I saw you last month.,-1,0
Weight training is very good for you.,-1,0
His studded jacket is tight on his body.,-1,0
They go about together.,-1,0
They were probably hoping to punish me in front of the people.,-1,0
Guess you've not many thoughts.,-1,0
One winter was colder than normal.,-1,0
So much snow that it's like walking on a soft ground.,-1,0
"To some, AI is beginning to generate complicated problems.",-1,0
"She is only a follower, acting on the directives of her friends.",-1,0
Many people say that my father is still immature.,-1,0
I've seen this movie many times.,-1,0
It's a difficult time.,-1,1
Christmas will take a long time to come.,-1,1
She felt a number of emotions.,-1,0
He used to teach there and was bothered by all the pupils.,-1,0
That lawyer's words are really harsh.,-1,1
The taste of Kellogg's Frosted Flakes brings out your wildness.,-1,1
Art is my peace of mind.,-1,0
This is a very strong friendship.,-1,0
It annoys me when you only drink half of the soda.,-1,0
"And there, before you, is great barbeque.",-1,0
"Come on, I can keep secrets.",-1,0
Seeing my best friend again would mean a lot to me.,-1,0
After workout I feel very strong.,-1,0
We used to have very little independence.,-1,0
His mother is very apprehensive and is very protective of him.,-1,0
That man corrupts almost anything he has contact with.,-1,1
And it tastes very good.,-1,0
I love you with all my heart.,-1,1
I will make it difficult for you to meet him.,-1,0
This policy will be a problematic one for the country.,-1,0
My hair is very straight.,-1,0
Your body is beautiful.,-1,0
"Sometimes, ignorance is good.",-1,0
I tasted a very strong flavour.,-1,0
Your speech evokes many sympathies.,-1,1
This restaurant sums up the neighborhood which is home to many hipsters!,-1,1
"This blog is my personal place, where my innermost secrets are shared.",-1,1
He's a terrible person.,-1,0
It's very dark in the room.,-1,0
They were laughing hard.,-1,1
"You did something dangerous, boy.",-1,0
Daisy was hard to get.,-1,1
"When everyone went home for holidays, the campus became deserted.",-1,1
You're being stalked by a person who drains your emotions.,-1,1
It's tough for me to get into the army.,-1,0
It's time to stop living in such a passive manner.,-1,0
I lost my sense of humor a long time ago.,-1,1
Be very silent.,-1,0
I just got hit by a lot of cramps.,-1,1
She can easily get what she came for.,-1,0
"That artist is a quiet person, she rarely speaks.",-1,0
"Forget knocking it out of the park, Frank can knock a baseball to a much larger distance.",-1,0
We must obey my mother's whims! We respect her power!,-1,1
This is a very good deal!,-1,0
The town I grew up in was isolated and behind the time.,-1,1
He drank a tanker of milk very quickly.,-1,1
This musician is an expert at playing guitar.,-1,0
I do not live well without you.,-1,0
Being out of fashion is very bad.,-1,1
You don't listen to me.,-1,0
I thought we had a deal but you betrayed me.,-1,0
I like your new haircut!,-1,0
His bark is very loud.,-1,0
I felt my ribs hurt while laughing.,-1,0
My tongue is really rough.,-1,1
And your father and I worked on those plans together for a long time.,-1,0
He's light.,-1,0
"I'm quite imperturbable, it's very tough to rock me.",-1,0
When my dog waves his tail rotates very fast.,-1,0
The poetry will spring up magnificent.,-1,1
It is very difficult to love and be wise.,-1,0
People really listen to what you say.,-1,0
He eats a lot of junk food.,-1,0
Haven't seen you for a long time.,-1,0
I'd love to hang out every day.,-1,0
It turns out Crumpet Manor had left Lily into an intense state of relaxation.,-1,0
My bedroom is my private space.,-1,0
I can achieve great things with you by my side.,-1,0
Your mom is very fat!,-1,0
"Starting from today, I'm acting in a new way.",-1,0
I would really like a pot of ale.,-1,0
He walked down the road without any destination.,-1,0
"I am hungry, I could eat a big meal.",-1,0
I am sitting here with pride.,-1,0
Travel increases your knowledge.,-1,1
Idleness causes bad behavior.,-1,1
Finding the piece of paper in this chunk of documents is nearly impossible.,-1,0
No one follows the rules in this office. There is no discipline.,-1,0
"Two years ago, I entered into the fashion world.",-1,1
Why did you beat him so badly?,-1,0
I worked very hard.,-1,0
It's obvious.,-1,0
The pictures prove that the poor country is in a very bad situation.,-1,0
Loud applause followed the performance.,-1,0
I was surprised by the elegance of the B&B.,-1,0
"If this character was a real person, I'd hurt him.",-1,0
He's a giant but is not intelligent.,-1,1
Living with you has its ups and downs but it's worth the thrill.,-1,1
"When your mother saw you, she was so very excited.",-1,0
"My job is so boring, I don't want to do it.",-1,0
Too much work makes me feel tired.,-1,0
His shout was very loud.,-1,0
"Trust him, he's faithful.",-1,0
Democrats and Republicans will not agree on a tax reform bill!,-1,0
Completing the puzzle took me a long time.,-1,0
I am tormented often.,-1,0
I was deeply sorry.,-1,1
That idea makes him feel very worried.,-1,0
"As he grew, Victor became the best amongst the family of high achievers.",-1,0
rope - oppurtunity,-1,1
Your indifference is upsetting me.,-1,0
You hear that noise? It's very loud.,-1,0
The ancient castle was so big that it took a lot of time to walk from one end to the other.,-1,0
Your words are very damaging.,-1,1
Sarah does not have a good sense of humor.,-1,0
Lots of people are coming to my birthday party.,-1,0
It seems to have been raining for a long time.,-1,0
The flap of skin opened wide.,-1,0
Your predictions were right. You have great intuition.,-1,0
My evening jog with Bill turned into a long run.,-1,0
The new king'll be adored.,-1,0
There are large amounts of clothes in my wardrobe!,-1,0
You will very likely give a good first impression.,-1,0
This is the really important advice of your life.,-1,0
Hyperbole is a great thing.,-1,0
"As a father, in this moment, I am overwhelmed by pain.",-1,0
Bring these bad people to the Palace of Justice.,-1,0
"Social security, health, welfare and education systems are being held to a rigid standard.",-1,0
The secretary is very servile.,-1,0
My dog can run very fast.,-1,0
Doesn't change the fact that we are in deep trouble.,-1,1
"If Sylvia flirted with Johnny, Steve threatened to beat her.",-1,0
"I heard you possess good vision, Mister.",-1,0
"Because I drank so much whiskey, I do not remember the last three days.",-1,0
"Don't touch a woman, not even lightly.",-1,0
I thought I'd found an amazing sugar-free chocolate at first taste.,-1,0
This year the new fashion trends spread quickly.,-1,0
She feels she is in the darkness: she's desperate.,-1,0
Seeing you again - my life is changed irrevocably by this.,-1,0
His new computer program is very difficult for me to understand.,-1,0
I don't want to miss the party.,-1,0
"At this price, it's a very good deal!",-1,0
I wear my favourite t-shirt repeatedly.,-1,0
"She stood still, searching for him.",-1,0
My oral exam was very quick. I was done soon after entering the classroom.,-1,0
The reputation of this pizza is at risk.,-1,0
"A friend of mine brought the chips into work with the claim ""these are excellent"".",-1,0
I'm requesting! Give me the last piece of the cake.,-1,0
The water in the sea is really hot.,-1,0
Life goes in a little bit of time.,-1,0
Music is important to me.,-1,0
Fools rush in where experienced people would not.,-1,0
The sins of the people are very severe.,-1,0
The player is very talented.,-1,0
She met my dad and then got taken quickly off to so many different countries.,-1,0
We were getting trapped with no way out.,-1,0
My mother has good hearing.,-1,0
"Intellectually speaking, this city is very sterile.",-1,1
A man without a purpose is an unfulfilled individual.,-1,0
He is a good faithful man who goes to church.,-1,0
This spray has the odour of freshness of the ocean breeze.,-1,1
For dinner he would eat a lot of grain.,-1,0
The temperature was low.,-1,0
Bikers coming from behind you are a danger on the roads.,-1,0
"His teeth would uncover, and shine very bright.",-1,1
I don't want to stop looking at her.,-1,0
"I only step on your toe, don't make a big deal out of it.",-1,0
Jack Marshall wouldn't hurt anyone.,-1,0
An idle brain is the place where evil thoughts arise.,-1,1
Ice-cream stops you from feeling bored.,-1,1
You are very unreasoning persons.,-1,0
He has a lot of cash.,-1,0
I am truly American.,-1,0
No matter what anybody says you will always be important to me.,-1,0
"Of the two brothers, the oldest was the smartest.",-1,0
Marta is late to her appointments.,-1,0
Stop bothering him: you're inviting trouble.,-1,1
It took him a fair bit of time to comb his hair.,-1,0
College students eat unhealthy food.,-1,0
Life is rushing by very quickly.,-1,0
His nose became so long that it troubled him.,-1,0
The old driver arrived on time.,-1,0
It is very hard to believe!,-1,0
He has many debts.,-1,0
A watched pot seems to take a long time to boil.,-1,0
Shopping exhausted me today.,-1,1
"Here he was, in control.",-1,0
Give her a lot of compliments.,-1,0
Life is a place where we fight to cure ourselves.,-1,1
Let's be best friends for the whole of our lives.,-1,0
Making drastic choice is useful for an adventurous life.,-1,0
Professors read a lot of essays.,-1,0
"He that drinks beer, often thinks of beer.",-1,0
"If our plan fails, I leave the group.",-1,0
She will have no shortage of boyfriends.,-1,0
Anna's cooking is good.,-1,0
They cooked a big turkey.,-1,0
I'm convinced!,-1,0
My dog is really ugly.,-1,0
It is unfair how the media is mistreating the ten year old boy.,-1,0
I can find not many words to describe my admiration.,-1,0
His ambitious hunger moves him to a very large attempt.,-1,1
"You are very cute, darling!",-1,0
"When sorrows come, they come not single but many at a time.",-1,1
April is the worst month.,-1,0
I've found the place I want to be not far from home.,-1,0
Shami and Peter are very happy together.,-1,0
I could live on these broccoli.,-1,0
Johnny was fearful.,-1,0
Cry a lot.,-1,0
"You can see what she's thinking, she's easy to understand.",-1,1
What is this incomprehensible thing?,-1,0
Almost nothing could go wrong with his plan.,-1,0
"And he was rich - yes, very rich.",-1,0
I must impose restrictions upon myself.,-1,0
A large group of artists was crowding the room.,-1,0
Grandpa is very old.,-1,0
She shows no emotions: she has become a cold woman.,-1,1
"The coffee was really good, but it cost me a lot of money.",-1,0
Her boyfriend would obey her commands without hesitation.,-1,0
It's wrong to steal a pin.,-1,0
The olives are better than other olives out there.,-1,0
He was born with fragile bones.,-1,0
It's so hot.,-1,0
She smiled at me and I was surprised.,-1,0
This new brand is good.,-1,0
The news has been exaggerated.,-1,0
I worked hard to get you through college.,-1,1
Her strength awoke in poets an abiding love.,-1,1
"Precious, self-contained, and solitary.",-1,0
He appeared graceful.,-1,0
"That said, I'm feeling close to defeated.",-1,0
The best education systems don't necessarily dole out a lot of homework to students.,-1,0
My little sister moves around me. She's my follower.,-1,0
"There are no leftovers, he eats a lot!",-1,0
This room is very hot.,-1,0
Why do we have so many forks and no spoons?,-1,0
This is a tough situation. You're having a lot of pressure.,-1,0
I want to stop thinking about you.,-1,0
There's dust all around.,-1,0
He is so vicious that there should be a harsh punishment specifically for him.,-1,0
John is very clumsy.,-1,0
"With each of her screams, the world felt very sorrowful.",-1,0
I have a severe headache.,-1,0
This meal is decadent!,-1,1
Each of his drawings is pleasing to the eyes.,-1,0
Have you seen the very busy activity in grandma's kitchen?,-1,0
Hope deferred makes one sad.,-1,0
He is very old.,-1,0
There are big ketchup fans out there.,-1,0
If I tried to carry all that cargo in my head it would make me quite tired.,-1,0
"I do not lie, I'm a teller of the truth.",-1,0
You're beautiful.,-1,0
My dad'll be very angry when he finds out that I wrecked his car.,-1,0
He has a very impressive knowledge about the impressionists.,-1,0
The king is above the law.,-1,0
She orders my ideas.,-1,1
My heart shakes for you.,-1,1
This croissant improved my day.,-1,0
car and her,-1,0
Most of the businesses here are already facing financial hardships because of the economy.,-1,0
You're behaving childishly dad.,-1,0
I can make a delicious pesto.,-1,0
Bittersweet nectar flows in great abundance.,-1,0
Religion is the control of the people.,-1,1
"No one knows where Gatsby came from, but he surely had a lot of money.",-1,0
"Julia is shy but when it comes to fashion business, she's a hard worker.",-1,0
The story hit the web and created excitement on the chat sites.,-1,1
Punctuality is a crucial aspect of business.,-1,0
It's very hot.,-1,0
He's leaping up and on the bed too vigorously.,-1,0
Needs must when you are being desperate.,-1,0
Get a deep knowledge of that complex being which is man.,-1,0
I can't stand being away from you.,-1,1
I've sacrificed a lot to help you.,-1,0
She spilled the wine on the table...this is unfortunate!,-1,0
They were gone quickly.,-1,0
He only has bad thoughts in his brain.,-1,0
The new shampoo is much better than the other.,-1,0
"When pale and silent, I enter alone upon the stubble field.",-1,0
"Sorry, I'm unfocused.",-1,0
"I've been reading ""The little prince"" since I was a kid.",-1,0
"Nate discovered the reason why she's still single, despite many suitors.",-1,0
My whole sense of being had been shattered by an emotional shock.,-1,1
There's no index and the story isn't linear: this book is poorly written.,-1,0
One picture is sufficient to convey so much!,-1,0
I'm scared the spider will anaesthetize my legs and start biting them.,-1,0
What she touches becomes of value or blessed.,-1,1
John's new idea is very valuable.,-1,0
Not much of it made sense.,-1,0
The chance of your friend seeing us is very small.,-1,0
After lunch I was very full.,-1,0
She is very helpful I mean she fixes my problems.,-1,0
The crowd was delighted by the performance.,-1,0
You're grumpy.,-1,0
He lost all his money in the stock market.,-1,0
Manners are an important aspect of being a man.,-1,0
Football is the thing he cares about the most.,-1,0
"I can't stand being a human. I no longer want to be, nor can still be, a man.",-1,0
Living under my parents' control is awful!,-1,0
A long line at the cashier.,-1,0
My nephew is making huge efforts.,-1,0
She thinks avocado tastes terrible.,-1,0
The pain was excruciating.,-1,0
Satisfaction pleases me.,-1,0
John has a nice smile.,-1,0
Disaster is imminent.,-1,0
My ex boyfriend! Treacherous person!,-1,0
Sacrificed my french fries to his hunger.,-1,1
When the girl lost her puppy she cried many tears.,-1,0
I want to leave badly.,-1,1
"I can't breathe, there is a lot of dust here.",-1,0
The eye of a master is expert.,-1,1
In that library they have a lot of books.,-1,0
Love these very much!,-1,0
He thinks that the affectual bonds prevalent in the older world has been lessened by modernity.,-1,1
Knowledge without conscience would have a deleterious effect on your soul.,-1,1
"When I was young, my family was my role model.",-1,0
Illusion is a powerful tool.,-1,1
I'm living on very little.,-1,0
He groaned as if he was hurt.,-1,0
He put lots of cream on his cake.,-1,0
Newspapers only contain bad information.,-1,0
I apologized profusely.,-1,0
My powers are difficult to understand.,-1,0
"I now embrace ""Hollywood"" endings, but there was a time when I liked kill-offs.",-1,0
The minister is going to harm the country with his budget cuts.,-1,1
"He had a great reputation as an orator, and is characterized by Ennius as the example of persuasiveness.",-1,0
This is how to be attractive to women.,-1,0
The secretary was hitting the keyboard trying to finish the report.,-1,0
I liked these chips and refused to share them with my friends.,-1,0
It's all top secret and now everybody's trying to be careful.,-1,0
The last thing makes everything worse.,-1,0
I am trying to solve many issues these days.,-1,0
It's raining hard.,-1,0
Saying the entire campaign is ill-informed because you disagree with one point is losing valuable things to get rid of what is not wanted.,-1,0
Everybody's eyes are very big.,-1,0
The lesson was taking a long time.,-1,0
The cream you bought will last for a long time.,-1,0
simile,-1,0
I've had to make a new beginning from the bad outcome of my choices.,-1,1
It is uncomfortable to live without my phone.,-1,0
I am really sorry.,-1,0
Look at her fast moving fingers articulating words as she writes her report.,-1,1
The meeting was terrible.,-1,0
"I'm so drunk, I feel dizzy.",-1,0
You are very slow.,-1,0
"Your interpretation goes too far, it lacks of unity.",-1,0
My parents would have a fit if I told anything personal about them.,-1,1
We've been here many times.,-1,0
He has little charisma.,-1,0
You guys are of no help.,-1,0
"But you are mute, quiet.",-1,0
Getting older helped me clarify some childhood memories.,-1,0
I am in the middle of emotional turmoil.,-1,1
The act of love strongly resembles severe pain.,-1,0
Many apologies would not be enough.,-1,0
His feet are very cold.,-1,0
Sometimes asking feels very dangerous.,-1,0
Johnny was very fond of the ground Dallas walked on.,-1,0
"Here I sit, focused on my thoughts.",-1,0
I'd rather pay dearly than miss a gym period.,-1,0
I was impressed with how large the size of the potatoes was.,-1,0
Their headmaster seemed to be all around the school all the time.,-1,0
My grandpa snores very loudly.,-1,0
I could smell his horrible breath.,-1,1
Your pride is bad.,-1,0
My admiration for him is profound.,-1,0
"Well, dear, her hostess would reply with a cold smile.",-1,1
Boys will happily do accept challenges for you.,-1,0
"Me, the wife of that boorish, unwise man.",-1,0
"As a matter of fact, I'm all enthusiastic about it.",-1,0
Tastiest roast I've had.,-1,0
I mean this was something fun in the midst of the depression.,-1,0
You can search everywhere but you'll not find me.,-1,0
ABU is drawn to it.,-1,1
She can make me follow her easily.,-1,0
That girl is manipulated by what she sees on TV.,-1,0
"You won't beat this taste, it is amazing.",-1,0
Its golden roofs are very bright.,-1,0
I would recognize my sisters from a long distance.,-1,0
You're in a lot of troubles for telling mum I didn't have lunch!,-1,0
She's a difficult person to work with because she is very direct when conversing.,-1,0
The study of beauty is a duel in which the artist suffers.,-1,0
You have my attention.,-1,0
No one knows her. She's very mysterious.,-1,0
Another idea gone wasted.,-1,0
Stop using onion in this recipe you terrible people.,-1,0
Each of these girls is delicate and lovely.,-1,0
They sell books by a great number of authors.,-1,0
The meal I prepared is rich in calories!,-1,0
Scientists are far away from understanding the human brain.,-1,0
John usually knows the right thing to say.,-1,0
Look how grown up! It wasn't that long ago that you were on your tricycle.,-1,1
Sleeping on this pillow is sleeping on something very soft.,-1,0
For a few dollars they would fight.,-1,0
The big bells very loud.,-1,0
That child is a trouble maker.,-1,0
They are a stingy family. There are a lot of savings under one roof!,-1,0
"When you open the map, you know a lot about the city.",-1,0
"I tried to explain myself, but she doesn't want to listen.",-1,0
I write my diary when I feel under pressure.,-1,0
My sister uses so much makeup; she had difficulty trying to get it off last night!,-1,0
"My aunt is so fat that when she walks by the TV, I can't see the screen.",-1,0
"My best friend is so forgetful, I have to remind her of many things.",-1,0
Your kindness astounds me.,-1,0
He lives far away - a large distance from here.,-1,0
Peter's essay constituted yet another long monologue.,-1,0
"During the debate, the president treated reporters and photographers badly.",-1,0
"You must come out of bed, I've walked a long way to spend some time with you.",-1,0
"Right now, in this risky situation, I don't have any kind of financial support.",-1,0
"She's bothered by dust, so she's frequently cleaning the house.",-1,0
Let me see a vast amount of knowledge.,-1,0
I'll persevere for a long time.,-1,0
There lived a large man.,-1,0
Perfection is not good for creativity.,-1,0
This class is very noisy today!,-1,0
She's expressing all her feelings out loud with hate.,-1,0
I'll be clear: I don't like him.,-1,0
Turning your face away is insulting.,-1,0
The painter knows that looking at the beautiful landscape is an enjoyable experience.,-1,0
Too many clothes in this Indian summer and I am sweating a lot.,-1,0
The president has fought really hard to be reelected.,-1,1
"I'm very colorful today, I'm wearing a yellow t-shirt and red trousers.",-1,0
Molasses buckets appeared unexpectedly.,-1,0
He's my favourite person in the world. The rest is not important.,-1,0
"You get into that University, you won't make it.",-1,0
This discovery is very precious to young scientists.,-1,0
This dirty money we're using to finance the campaign is a risk!,-1,1
"Your plan is too risky, it's dangerous.",-1,0
"I just can't seem to forget him, I keep on thinking about him.",-1,0
The bad sides are so overpowering that she finds it difficult to concentrate on anything else.,-1,0
You have ravished me away by a power I find difficult to resist.,-1,0
"I'm very tired, for Christ's sake!",-1,0
This is one beautiful panorama.,-1,0
Once I would open the bag I would not want to stop eating.,-1,0
She's drinking heavily.,-1,1
"And his sensibility, oh, he must be very sensitive.",-1,0
What you eat affects you.,-1,0
He only cares about himself.,-1,0
The sight of them kissing is so gross that it makes me feel disgusted.,-1,0
"Since you stopped partying, you're boring.",-1,0
TV is providing us with subliminal messages.,-1,0
The secretary had a lot of paperwork.,-1,0
"He looked at the glass, and lowered his lips to the water.",-1,0
It is idle to swallow big problems and choke on small ones.,-1,0
I'm not staying here any longer!,-1,0
Junk food is the one thing they'll buy in large quantities.,-1,0
"I swear, my teacher knows a lot.",-1,0
Your beard is very hairy.,-1,0
Don't make a big deal about little things. There are worse problems than that around here.,-1,0
"Sad to say, but she was a constant drinker.",-1,0
"Dresden was kind of the moon, it did not have many appeals.",-1,0
The perfect pound cake recipe is valuable.,-1,0
My professor is very creative.,-1,0
Shuttling between conferences over the past years has been an overwhelming enterprise.,-1,0
That runner is very fast.,-1,0
The gladiator beated all his opponents with his great strength.,-1,0
"Whenever I watch the movie, that scene strikes me.",-1,0
I'm so thirsty that I would drink a large amount of water.,-1,0
Her anger radiated strongly.,-1,1
This confection has been around for so long in my house.,-1,0
Anna worked really hard before obtaining her bachelor's degree.,-1,0
Her skin was very fair.,-1,0
He was skinny enough to jump through a small hole.,-1,0
My mother is authoritarian.,-1,0
Changing your favorite team is like breaking a promise.,-1,0
In my family every birthday is a big event.,-1,0
I am sure that you will laugh.,-1,0
The waiting has been too long.,-1,0
The mall is very large.,-1,0
I'm going to get upset.,-1,0
"I'm moving, all my stuff's in this luggage.",-1,0
Her beauty is noteworthy.,-1,0
This room is a mess. It looks very untidy!,-1,0
You need a bench to look at him in the eye.,-1,1
"Cheryl is so moody, she has different moods in a day.",-1,0
"My love, you are so important.",-1,0
"When my parents enrolled me in college, they basically made my life very hard.",-1,0
"This steak is so rare, I think it is still raw.",-1,0
Our fight has been going on for a long time.,-1,0
I am so tired I could sleep for a long time.,-1,0
Every flavor is strong.,-1,0
She is miserable.,-1,0
We all laughed at the joke.,-1,0
